,activity
0,5
1,5
2,5
3,5
4,5
5,5
6,5
7,5
8,5
9,5
10,5
11,5
12,5
13,5
14,7
15,4
16,4
17,4
18,4
19,4
20,4
21,4
22,4
23,4
24,4
25,4
26,8
27,5
28,5
29,5
30,5
31,5
32,5
33,5
34,5
35,5
36,5
37,5
38,5
39,5
40,5
41,11
42,11
43,11
44,6
45,6
46,6
47,6
48,6
49,6
50,6
51,6
52,6
53,6
54,6
55,6
56,10
57,10
58,4
59,4
60,4
61,4
62,4
63,4
64,4
65,4
66,4
67,4
68,4
69,4
70,4
71,9
72,9
73,6
74,6
75,6
76,6
77,6
78,6
79,6
80,6
81,6
82,6
83,6
84,6
85,6
86,12
87,1
88,1
89,1
90,1
91,1
92,1
93,1
94,1
95,1
96,1
97,1
98,1
99,1
100,1
101,1
102,1
103,1
104,1
105,1
106,1
107,1
108,1
109,1
110,1
111,1
112,1
113,1
114,1
115,1
116,1
117,1
118,1
119,1
120,1
121,1
122,1
123,1
124,1
125,1
126,1
127,1
128,1
129,1
130,1
131,1
132,1
133,1
134,3
135,3
136,3
137,3
138,3
139,3
140,3
141,3
142,3
143,2
144,2
145,2
146,2
147,2
148,2
149,2
150,2
151,3
152,3
153,3
154,3
155,3
156,3
157,3
158,3
159,2
160,2
161,2
162,2
163,2
164,2
165,2
166,2
167,2
168,3
169,3
170,3
171,3
172,3
173,3
174,3
175,3
176,2
177,2
178,2
179,2
180,2
181,2
182,2
183,2
184,2
185,5
186,5
187,5
188,5
189,5
190,5
191,5
192,5
193,5
194,5
195,5
196,5
197,5
198,5
199,7
200,7
201,4
202,4
203,4
204,4
205,4
206,4
207,4
208,4
209,4
210,4
211,4
212,8
213,5
214,5
215,5
216,5
217,5
218,5
219,5
220,5
221,5
222,5
223,5
224,5
225,5
226,11
227,11
228,11
229,6
230,6
231,6
232,6
233,6
234,6
235,6
236,6
237,6
238,6
239,6
240,6
241,10
242,4
243,4
244,4
245,4
246,4
247,4
248,4
249,4
250,4
251,4
252,4
253,4
254,9
255,9
256,6
257,6
258,6
259,6
260,6
261,6
262,6
263,6
264,6
265,6
266,6
267,12
268,12
269,1
270,1
271,1
272,1
273,1
274,1
275,1
276,1
277,1
278,1
279,1
280,1
281,1
282,1
283,1
284,1
285,1
286,1
287,1
288,1
289,1
290,1
291,1
292,1
293,1
294,1
295,1
296,1
297,1
298,1
299,1
300,1
301,1
302,1
303,1
304,1
305,1
306,1
307,1
308,1
309,1
310,1
311,1
312,1
313,1
314,1
315,1
316,1
317,3
318,3
319,3
320,3
321,3
322,3
323,3
324,2
325,2
326,2
327,2
328,2
329,2
330,2
331,2
332,2
333,3
334,3
335,3
336,3
337,3
338,3
339,3
340,3
341,3
342,2
343,2
344,2
345,2
346,2
347,2
348,2
349,2
350,2
351,3
352,3
353,3
354,3
355,3
356,3
357,3
358,3
359,2
360,2
361,2
362,2
363,2
364,2
365,2
366,2
367,2
368,5
369,5
370,5
371,5
372,5
373,5
374,5
375,5
376,5
377,5
378,5
379,5
380,5
381,5
382,5
383,5
384,7
385,4
386,4
387,4
388,4
389,4
390,4
391,4
392,4
393,4
394,4
395,4
396,4
397,5
398,5
399,5
400,5
401,5
402,5
403,5
404,5
405,5
406,5
407,5
408,5
409,5
410,5
411,5
412,5
413,11
414,11
415,6
416,6
417,6
418,6
419,6
420,6
421,6
422,6
423,6
424,6
425,6
426,6
427,6
428,6
429,10
430,10
431,4
432,4
433,4
434,4
435,4
436,4
437,4
438,4
439,4
440,4
441,4
442,4
443,4
444,4
445,9
446,6
447,6
448,6
449,6
450,6
451,6
452,6
453,6
454,6
455,6
456,6
457,6
458,6
459,6
460,6
461,6
462,6
463,12
464,1
465,1
466,1
467,1
468,1
469,1
470,1
471,1
472,1
473,1
474,1
475,1
476,1
477,1
478,1
479,1
480,1
481,1
482,1
483,1
484,1
485,1
486,1
487,1
488,1
489,1
490,1
491,1
492,1
493,1
494,1
495,2
496,2
497,2
498,2
499,2
500,2
501,2
502,2
503,2
504,3
505,3
506,3
507,3
508,3
509,3
510,3
511,3
512,2
513,2
514,2
515,2
516,2
517,2
518,2
519,2
520,3
521,3
522,3
523,3
524,3
525,3
526,3
527,3
528,2
529,2
530,2
531,2
532,2
533,2
534,2
535,2
536,2
537,3
538,3
539,3
540,3
541,3
542,3
543,3
544,2
545,2
546,2
547,2
548,2
549,2
550,2
551,2
552,5
553,5
554,5
555,5
556,5
557,5
558,5
559,5
560,5
561,5
562,5
563,5
564,5
565,5
566,7
567,4
568,4
569,4
570,4
571,4
572,4
573,4
574,4
575,4
576,4
577,4
578,4
579,8
580,5
581,5
582,5
583,5
584,5
585,5
586,5
587,5
588,5
589,5
590,5
591,5
592,5
593,5
594,5
595,5
596,5
597,11
598,11
599,6
600,6
601,6
602,6
603,6
604,6
605,6
606,6
607,6
608,6
609,6
610,6
611,6
612,6
613,6
614,6
615,10
616,10
617,4
618,4
619,4
620,4
621,4
622,4
623,4
624,4
625,4
626,4
627,4
628,4
629,4
630,4
631,9
632,6
633,6
634,6
635,6
636,6
637,6
638,6
639,6
640,6
641,6
642,6
643,6
644,6
645,6
646,6
647,6
648,12
649,1
650,1
651,1
652,1
653,1
654,1
655,1
656,1
657,1
658,1
659,1
660,1
661,1
662,1
663,1
664,1
665,1
666,1
667,1
668,1
669,1
670,1
671,1
672,1
673,1
674,1
675,1
676,3
677,3
678,3
679,3
680,3
681,3
682,3
683,3
684,3
685,2
686,2
687,2
688,2
689,2
690,2
691,2
692,2
693,2
694,3
695,3
696,3
697,3
698,3
699,3
700,3
701,3
702,3
703,2
704,2
705,2
706,2
707,2
708,2
709,2
710,2
711,3
712,3
713,3
714,3
715,3
716,3
717,3
718,3
719,2
720,2
721,2
722,2
723,2
724,2
725,2
726,2
727,5
728,5
729,5
730,5
731,5
732,5
733,5
734,5
735,5
736,5
737,5
738,5
739,5
740,5
741,5
742,7
743,4
744,4
745,4
746,4
747,4
748,4
749,4
750,4
751,4
752,4
753,4
754,5
755,5
756,5
757,5
758,5
759,5
760,5
761,5
762,5
763,5
764,5
765,5
766,5
767,5
768,11
769,11
770,11
771,11
772,6
773,6
774,6
775,6
776,6
777,6
778,6
779,6
780,6
781,6
782,6
783,6
784,6
785,10
786,10
787,10
788,4
789,4
790,4
791,4
792,4
793,4
794,4
795,4
796,4
797,4
798,4
799,9
800,9
801,6
802,6
803,6
804,6
805,6
806,6
807,6
808,6
809,6
810,6
811,6
812,6
813,6
814,6
815,12
816,1
817,1
818,1
819,1
820,1
821,1
822,1
823,1
824,1
825,1
826,1
827,1
828,1
829,1
830,1
831,1
832,1
833,1
834,1
835,1
836,1
837,1
838,1
839,1
840,1
841,1
842,1
843,1
844,1
845,1
846,3
847,3
848,3
849,3
850,3
851,3
852,3
853,3
854,3
855,2
856,2
857,2
858,2
859,2
860,2
861,2
862,2
863,2
864,3
865,3
866,3
867,3
868,3
869,3
870,3
871,3
872,2
873,2
874,2
875,2
876,2
877,2
878,2
879,2
880,3
881,3
882,3
883,3
884,3
885,3
886,3
887,3
888,2
889,2
890,2
891,2
892,2
893,2
894,2
895,2
896,5
897,5
898,5
899,5
900,5
901,5
902,5
903,5
904,5
905,5
906,5
907,5
908,5
909,5
910,7
911,7
912,4
913,4
914,4
915,4
916,4
917,4
918,4
919,4
920,4
921,4
922,4
923,8
924,5
925,5
926,5
927,5
928,5
929,5
930,5
931,5
932,5
933,5
934,5
935,5
936,5
937,5
938,11
939,11
940,11
941,6
942,6
943,6
944,6
945,6
946,6
947,6
948,6
949,6
950,6
951,6
952,6
953,10
954,10
955,4
956,4
957,4
958,4
959,4
960,4
961,4
962,4
963,4
964,4
965,9
966,9
967,9
968,6
969,6
970,6
971,6
972,6
973,6
974,6
975,6
976,6
977,6
978,6
979,6
980,12
981,1
982,1
983,1
984,1
985,1
986,1
987,1
988,1
989,1
990,1
991,1
992,1
993,1
994,1
995,1
996,1
997,1
998,1
999,1
1000,1
1001,1
1002,1
1003,1
1004,1
1005,1
1006,1
1007,3
1008,3
1009,3
1010,3
1011,3
1012,3
1013,3
1014,3
1015,2
1016,2
1017,2
1018,2
1019,2
1020,2
1021,2
1022,2
1023,3
1024,3
1025,3
1026,3
1027,3
1028,3
1029,3
1030,2
1031,2
1032,2
1033,2
1034,2
1035,2
1036,2
1037,3
1038,3
1039,3
1040,3
1041,3
1042,3
1043,3
1044,2
1045,2
1046,2
1047,2
1048,2
1049,2
1050,2
1051,5
1052,5
1053,5
1054,5
1055,5
1056,5
1057,5
1058,5
1059,5
1060,5
1061,5
1062,5
1063,5
1064,7
1065,4
1066,4
1067,4
1068,4
1069,4
1070,4
1071,4
1072,4
1073,4
1074,4
1075,4
1076,4
1077,4
1078,4
1079,5
1080,5
1081,5
1082,5
1083,5
1084,5
1085,5
1086,5
1087,5
1088,5
1089,5
1090,5
1091,5
1092,5
1093,5
1094,5
1095,5
1096,5
1097,11
1098,11
1099,11
1100,6
1101,6
1102,6
1103,6
1104,6
1105,6
1106,6
1107,6
1108,6
1109,6
1110,6
1111,6
1112,6
1113,10
1114,4
1115,4
1116,4
1117,4
1118,4
1119,4
1120,4
1121,4
1122,4
1123,4
1124,4
1125,4
1126,4
1127,4
1128,4
1129,9
1130,6
1131,6
1132,6
1133,6
1134,6
1135,6
1136,6
1137,6
1138,6
1139,6
1140,6
1141,6
1142,6
1143,6
1144,6
1145,12
1146,1
1147,1
1148,1
1149,1
1150,1
1151,1
1152,1
1153,1
1154,1
1155,1
1156,1
1157,1
1158,1
1159,1
1160,1
1161,1
1162,1
1163,1
1164,1
1165,1
1166,1
1167,1
1168,1
1169,1
1170,1
1171,1
1172,1
1173,1
1174,1
1175,3
1176,3
1177,3
1178,3
1179,3
1180,3
1181,3
1182,3
1183,2
1184,2
1185,2
1186,2
1187,2
1188,2
1189,2
1190,2
1191,2
1192,3
1193,3
1194,3
1195,3
1196,3
1197,3
1198,3
1199,3
1200,2
1201,2
1202,2
1203,2
1204,2
1205,2
1206,2
1207,2
1208,3
1209,3
1210,3
1211,3
1212,3
1213,3
1214,3
1215,3
1216,2
1217,2
1218,2
1219,2
1220,2
1221,2
1222,2
1223,2
1224,2
1225,5
1226,5
1227,5
1228,5
1229,5
1230,5
1231,5
1232,5
1233,5
1234,5
1235,5
1236,5
1237,5
1238,5
1239,7
1240,4
1241,4
1242,4
1243,4
1244,4
1245,4
1246,4
1247,4
1248,4
1249,4
1250,4
1251,4
1252,8
1253,5
1254,5
1255,5
1256,5
1257,5
1258,5
1259,5
1260,5
1261,5
1262,5
1263,5
1264,5
1265,5
1266,11
1267,11
1268,11
1269,6
1270,6
1271,6
1272,6
1273,6
1274,6
1275,6
1276,6
1277,6
1278,6
1279,6
1280,6
1281,6
1282,10
1283,4
1284,4
1285,4
1286,4
1287,4
1288,4
1289,4
1290,4
1291,4
1292,4
1293,4
1294,4
1295,4
1296,4
1297,4
1298,9
1299,6
1300,6
1301,6
1302,6
1303,6
1304,6
1305,6
1306,6
1307,6
1308,6
1309,6
1310,6
1311,6
1312,6
1313,6
1314,12
1315,12
1316,1
1317,1
1318,1
1319,1
1320,1
1321,1
1322,1
1323,1
1324,1
1325,1
1326,1
1327,1
1328,1
1329,1
1330,1
1331,1
1332,1
1333,1
1334,1
1335,1
1336,1
1337,1
1338,1
1339,1
1340,1
1341,1
1342,1
1343,1
1344,3
1345,3
1346,3
1347,3
1348,3
1349,3
1350,3
1351,3
1352,2
1353,2
1354,2
1355,2
1356,2
1357,2
1358,2
1359,2
1360,2
1361,3
1362,3
1363,3
1364,3
1365,3
1366,3
1367,3
1368,3
1369,2
1370,2
1371,2
1372,2
1373,2
1374,2
1375,2
1376,2
1377,3
1378,3
1379,3
1380,3
1381,3
1382,3
1383,3
1384,3
1385,2
1386,2
1387,2
1388,2
1389,2
1390,2
1391,2
1392,2
1393,5
1394,5
1395,5
1396,5
1397,5
1398,5
1399,5
1400,5
1401,5
1402,5
1403,5
1404,5
1405,5
1406,5
1407,5
1408,4
1409,4
1410,4
1411,4
1412,4
1413,4
1414,4
1415,4
1416,4
1417,4
1418,4
1419,4
1420,5
1421,5
1422,5
1423,5
1424,5
1425,5
1426,5
1427,5
1428,5
1429,5
1430,5
1431,5
1432,5
1433,11
1434,11
1435,6
1436,6
1437,6
1438,6
1439,6
1440,6
1441,6
1442,6
1443,6
1444,6
1445,6
1446,6
1447,6
1448,10
1449,4
1450,4
1451,4
1452,4
1453,4
1454,4
1455,4
1456,4
1457,4
1458,4
1459,4
1460,4
1461,4
1462,9
1463,9
1464,9
1465,6
1466,6
1467,6
1468,6
1469,6
1470,6
1471,6
1472,6
1473,6
1474,6
1475,6
1476,6
1477,6
1478,12
1479,12
1480,1
1481,1
1482,1
1483,1
1484,1
1485,1
1486,1
1487,1
1488,1
1489,1
1490,1
1491,1
1492,1
1493,1
1494,1
1495,1
1496,1
1497,1
1498,1
1499,1
1500,1
1501,1
1502,1
1503,1
1504,1
1505,1
1506,1
1507,1
1508,1
1509,3
1510,3
1511,3
1512,3
1513,3
1514,3
1515,3
1516,3
1517,3
1518,3
1519,2
1520,2
1521,2
1522,2
1523,2
1524,2
1525,2
1526,2
1527,2
1528,2
1529,3
1530,3
1531,3
1532,3
1533,3
1534,3
1535,3
1536,3
1537,2
1538,2
1539,2
1540,2
1541,2
1542,2
1543,2
1544,2
1545,3
1546,3
1547,3
1548,3
1549,3
1550,3
1551,3
1552,2
1553,2
1554,2
1555,2
1556,2
1557,2
1558,2
1559,2
1560,5
1561,5
1562,5
1563,5
1564,5
1565,5
1566,5
1567,5
1568,5
1569,5
1570,5
1571,5
1572,4
1573,4
1574,4
1575,4
1576,4
1577,4
1578,4
1579,4
1580,4
1581,4
1582,4
1583,4
1584,5
1585,5
1586,5
1587,5
1588,5
1589,5
1590,5
1591,5
1592,5
1593,5
1594,5
1595,5
1596,5
1597,5
1598,11
1599,11
1600,6
1601,6
1602,6
1603,6
1604,6
1605,6
1606,6
1607,6
1608,6
1609,6
1610,6
1611,6
1612,4
1613,4
1614,4
1615,4
1616,4
1617,4
1618,4
1619,4
1620,4
1621,4
1622,9
1623,6
1624,6
1625,6
1626,6
1627,6
1628,6
1629,6
1630,6
1631,6
1632,6
1633,6
1634,6
1635,12
1636,1
1637,1
1638,1
1639,1
1640,1
1641,1
1642,1
1643,1
1644,1
1645,1
1646,1
1647,1
1648,1
1649,1
1650,1
1651,1
1652,1
1653,1
1654,1
1655,1
1656,1
1657,1
1658,1
1659,1
1660,1
1661,1
1662,1
1663,1
1664,3
1665,3
1666,3
1667,3
1668,3
1669,3
1670,3
1671,3
1672,2
1673,2
1674,2
1675,2
1676,2
1677,2
1678,2
1679,2
1680,2
1681,3
1682,3
1683,3
1684,3
1685,3
1686,3
1687,3
1688,2
1689,2
1690,2
1691,2
1692,2
1693,2
1694,2
1695,2
1696,3
1697,3
1698,3
1699,3
1700,3
1701,3
1702,3
1703,2
1704,2
1705,2
1706,2
1707,2
1708,2
1709,2
1710,2
1711,5
1712,5
1713,5
1714,5
1715,5
1716,5
1717,5
1718,5
1719,5
1720,5
1721,5
1722,5
1723,5
1724,4
1725,4
1726,4
1727,4
1728,4
1729,4
1730,4
1731,4
1732,5
1733,5
1734,5
1735,5
1736,5
1737,5
1738,5
1739,5
1740,5
1741,5
1742,5
1743,11
1744,11
1745,6
1746,6
1747,6
1748,6
1749,6
1750,6
1751,6
1752,6
1753,6
1754,6
1755,6
1756,6
1757,6
1758,10
1759,4
1760,4
1761,4
1762,4
1763,4
1764,4
1765,4
1766,4
1767,4
1768,4
1769,4
1770,4
1771,4
1772,4
1773,9
1774,6
1775,6
1776,6
1777,6
1778,6
1779,6
1780,6
1781,6
1782,6
1783,6
1784,6
1785,6
1786,6
1787,12
1788,1
1789,1
1790,1
1791,1
1792,1
1793,1
1794,1
1795,1
1796,1
1797,1
1798,1
1799,1
1800,1
1801,1
1802,1
1803,1
1804,1
1805,1
1806,1
1807,1
1808,1
1809,1
1810,1
1811,1
1812,3
1813,3
1814,3
1815,3
1816,3
1817,3
1818,3
1819,2
1820,2
1821,2
1822,2
1823,2
1824,2
1825,2
1826,3
1827,3
1828,3
1829,3
1830,3
1831,3
1832,2
1833,2
1834,2
1835,2
1836,2
1837,2
1838,2
1839,3
1840,3
1841,3
1842,3
1843,3
1844,3
1845,3
1846,2
1847,2
1848,2
1849,2
1850,2
1851,2
1852,2
1853,5
1854,5
1855,5
1856,5
1857,5
1858,5
1859,5
1860,5
1861,5
1862,5
1863,5
1864,5
1865,5
1866,5
1867,5
1868,5
1869,7
1870,4
1871,4
1872,4
1873,4
1874,4
1875,4
1876,4
1877,4
1878,4
1879,4
1880,5
1881,5
1882,5
1883,5
1884,5
1885,5
1886,5
1887,5
1888,5
1889,5
1890,5
1891,5
1892,5
1893,5
1894,5
1895,5
1896,5
1897,11
1898,11
1899,6
1900,6
1901,6
1902,6
1903,6
1904,6
1905,6
1906,6
1907,6
1908,6
1909,6
1910,6
1911,6
1912,10
1913,4
1914,4
1915,4
1916,4
1917,4
1918,4
1919,4
1920,4
1921,4
1922,4
1923,4
1924,4
1925,4
1926,9
1927,6
1928,6
1929,6
1930,6
1931,6
1932,6
1933,6
1934,6
1935,6
1936,6
1937,6
1938,6
1939,6
1940,6
1941,6
1942,6
1943,10
1944,1
1945,1
1946,1
1947,1
1948,1
1949,1
1950,1
1951,1
1952,1
1953,1
1954,1
1955,1
1956,1
1957,1
1958,1
1959,1
1960,1
1961,1
1962,1
1963,1
1964,1
1965,1
1966,1
1967,1
1968,3
1969,3
1970,3
1971,3
1972,3
1973,3
1974,2
1975,2
1976,2
1977,2
1978,2
1979,2
1980,2
1981,2
1982,3
1983,3
1984,3
1985,3
1986,3
1987,3
1988,2
1989,2
1990,2
1991,2
1992,2
1993,2
1994,3
1995,3
1996,3
1997,3
1998,3
1999,3
2000,2
2001,2
2002,2
2003,2
2004,2
2005,2
2006,5
2007,5
2008,5
2009,5
2010,5
2011,5
2012,5
2013,5
2014,5
2015,5
2016,5
2017,7
2018,4
2019,4
2020,4
2021,4
2022,4
2023,4
2024,4
2025,4
2026,4
2027,4
2028,4
2029,4
2030,4
2031,4
2032,8
2033,5
2034,5
2035,5
2036,5
2037,5
2038,5
2039,5
2040,5
2041,5
2042,5
2043,5
2044,5
2045,11
2046,11
2047,6
2048,6
2049,6
2050,6
2051,6
2052,6
2053,6
2054,6
2055,6
2056,6
2057,6
2058,6
2059,6
2060,6
2061,10
2062,4
2063,4
2064,4
2065,4
2066,4
2067,4
2068,4
2069,4
2070,4
2071,4
2072,4
2073,4
2074,9
2075,6
2076,6
2077,6
2078,6
2079,6
2080,6
2081,6
2082,6
2083,6
2084,6
2085,6
2086,6
2087,6
2088,6
2089,6
2090,6
2091,12
2092,1
2093,1
2094,1
2095,1
2096,1
2097,1
2098,1
2099,1
2100,1
2101,1
2102,1
2103,1
2104,1
2105,1
2106,1
2107,1
2108,1
2109,1
2110,1
2111,1
2112,1
2113,1
2114,1
2115,1
2116,1
2117,1
2118,1
2119,1
2120,1
2121,3
2122,3
2123,3
2124,3
2125,3
2126,3
2127,3
2128,2
2129,2
2130,2
2131,2
2132,2
2133,2
2134,2
2135,2
2136,3
2137,3
2138,3
2139,3
2140,3
2141,3
2142,3
2143,2
2144,2
2145,2
2146,2
2147,2
2148,2
2149,2
2150,2
2151,2
2152,3
2153,3
2154,3
2155,3
2156,3
2157,3
2158,3
2159,3
2160,2
2161,2
2162,2
2163,2
2164,2
2165,2
2166,2
2167,2
2168,2
2169,5
2170,5
2171,5
2172,5
2173,5
2174,5
2175,5
2176,5
2177,5
2178,5
2179,5
2180,5
2181,5
2182,5
2183,7
2184,4
2185,4
2186,4
2187,4
2188,4
2189,4
2190,4
2191,4
2192,4
2193,4
2194,4
2195,4
2196,4
2197,4
2198,4
2199,8
2200,5
2201,5
2202,5
2203,5
2204,5
2205,5
2206,5
2207,5
2208,5
2209,5
2210,5
2211,5
2212,5
2213,11
2214,6
2215,6
2216,6
2217,6
2218,6
2219,6
2220,6
2221,6
2222,6
2223,6
2224,6
2225,6
2226,6
2227,6
2228,6
2229,6
2230,10
2231,10
2232,4
2233,4
2234,4
2235,4
2236,4
2237,4
2238,4
2239,4
2240,4
2241,4
2242,4
2243,4
2244,4
2245,9
2246,9
2247,6
2248,6
2249,6
2250,6
2251,6
2252,6
2253,6
2254,6
2255,6
2256,6
2257,6
2258,6
2259,12
2260,12
2261,1
2262,1
2263,1
2264,1
2265,1
2266,1
2267,1
2268,1
2269,1
2270,1
2271,1
2272,1
2273,1
2274,1
2275,1
2276,1
2277,1
2278,1
2279,1
2280,1
2281,1
2282,1
2283,1
2284,1
2285,1
2286,1
2287,1
2288,1
2289,1
2290,1
2291,3
2292,3
2293,3
2294,3
2295,3
2296,3
2297,3
2298,3
2299,2
2300,2
2301,2
2302,2
2303,2
2304,2
2305,2
2306,2
2307,2
2308,3
2309,3
2310,3
2311,3
2312,3
2313,3
2314,3
2315,3
2316,2
2317,2
2318,2
2319,2
2320,2
2321,2
2322,2
2323,2
2324,2
2325,3
2326,3
2327,3
2328,3
2329,3
2330,3
2331,3
2332,3
2333,2
2334,2
2335,2
2336,2
2337,2
2338,2
2339,2
2340,2
2341,2
2342,2
2343,5
2344,5
2345,5
2346,5
2347,5
2348,5
2349,5
2350,5
2351,5
2352,5
2353,5
2354,5
2355,5
2356,5
2357,5
2358,5
2359,5
2360,7
2361,7
2362,7
2363,4
2364,4
2365,4
2366,4
2367,4
2368,4
2369,4
2370,4
2371,4
2372,4
2373,4
2374,4
2375,8
2376,5
2377,5
2378,5
2379,5
2380,5
2381,5
2382,5
2383,5
2384,5
2385,5
2386,5
2387,5
2388,5
2389,5
2390,11
2391,11
2392,11
2393,11
2394,6
2395,6
2396,6
2397,6
2398,6
2399,6
2400,6
2401,6
2402,6
2403,6
2404,6
2405,6
2406,10
2407,10
2408,4
2409,4
2410,4
2411,4
2412,4
2413,4
2414,4
2415,4
2416,4
2417,4
2418,4
2419,4
2420,4
2421,9
2422,9
2423,9
2424,6
2425,6
2426,6
2427,6
2428,6
2429,6
2430,6
2431,6
2432,6
2433,6
2434,6
2435,12
2436,12
2437,12
2438,1
2439,1
2440,1
2441,1
2442,1
2443,1
2444,1
2445,1
2446,1
2447,1
2448,1
2449,1
2450,1
2451,1
2452,1
2453,1
2454,1
2455,1
2456,1
2457,1
2458,1
2459,1
2460,1
2461,1
2462,1
2463,1
2464,1
2465,1
2466,1
2467,1
2468,3
2469,3
2470,3
2471,3
2472,3
2473,3
2474,3
2475,3
2476,2
2477,2
2478,2
2479,2
2480,2
2481,2
2482,2
2483,2
2484,2
2485,3
2486,3
2487,3
2488,3
2489,3
2490,3
2491,3
2492,3
2493,2
2494,2
2495,2
2496,2
2497,2
2498,2
2499,2
2500,2
2501,2
2502,3
2503,3
2504,3
2505,3
2506,3
2507,3
2508,3
2509,3
2510,2
2511,2
2512,2
2513,2
2514,2
2515,2
2516,2
2517,2
2518,2
2519,5
2520,5
2521,5
2522,5
2523,5
2524,5
2525,5
2526,5
2527,5
2528,5
2529,5
2530,5
2531,5
2532,5
2533,5
2534,7
2535,4
2536,4
2537,4
2538,4
2539,4
2540,4
2541,4
2542,4
2543,4
2544,4
2545,4
2546,4
2547,4
2548,4
2549,8
2550,5
2551,5
2552,5
2553,5
2554,5
2555,5
2556,5
2557,5
2558,5
2559,5
2560,5
2561,5
2562,5
2563,5
2564,5
2565,5
2566,11
2567,11
2568,11
2569,6
2570,6
2571,6
2572,6
2573,6
2574,6
2575,6
2576,6
2577,6
2578,6
2579,6
2580,10
2581,4
2582,4
2583,4
2584,4
2585,4
2586,4
2587,4
2588,4
2589,4
2590,4
2591,4
2592,4
2593,4
2594,4
2595,9
2596,6
2597,6
2598,6
2599,6
2600,6
2601,6
2602,6
2603,6
2604,6
2605,6
2606,6
2607,6
2608,6
2609,6
2610,12
2611,12
2612,1
2613,1
2614,1
2615,1
2616,1
2617,1
2618,1
2619,1
2620,1
2621,1
2622,1
2623,1
2624,1
2625,1
2626,1
2627,1
2628,1
2629,1
2630,1
2631,1
2632,1
2633,1
2634,1
2635,1
2636,1
2637,1
2638,1
2639,1
2640,1
2641,3
2642,3
2643,3
2644,3
2645,3
2646,3
2647,3
2648,2
2649,2
2650,2
2651,2
2652,2
2653,2
2654,2
2655,2
2656,2
2657,3
2658,3
2659,3
2660,3
2661,3
2662,3
2663,3
2664,2
2665,2
2666,2
2667,2
2668,2
2669,2
2670,2
2671,2
2672,2
2673,2
2674,3
2675,3
2676,3
2677,3
2678,3
2679,3
2680,3
2681,2
2682,2
2683,2
2684,2
2685,2
2686,2
2687,2
2688,2
2689,5
2690,5
2691,5
2692,5
2693,5
2694,5
2695,5
2696,5
2697,5
2698,5
2699,5
2700,5
2701,5
2702,7
2703,4
2704,4
2705,4
2706,4
2707,4
2708,4
2709,4
2710,4
2711,4
2712,4
2713,4
2714,4
2715,5
2716,5
2717,5
2718,5
2719,5
2720,5
2721,5
2722,5
2723,5
2724,5
2725,5
2726,5
2727,5
2728,5
2729,5
2730,11
2731,11
2732,6
2733,6
2734,6
2735,6
2736,6
2737,6
2738,6
2739,6
2740,6
2741,6
2742,6
2743,6
2744,6
2745,10
2746,4
2747,4
2748,4
2749,4
2750,4
2751,4
2752,4
2753,4
2754,4
2755,4
2756,4
2757,4
2758,4
2759,4
2760,4
2761,4
2762,9
2763,9
2764,6
2765,6
2766,6
2767,6
2768,6
2769,6
2770,6
2771,6
2772,6
2773,6
2774,6
2775,6
2776,6
2777,6
2778,6
2779,6
2780,6
2781,6
2782,6
2783,6
2784,6
2785,6
2786,6
2787,12
2788,12
2789,1
2790,1
2791,1
2792,1
2793,1
2794,1
2795,1
2796,1
2797,1
2798,1
2799,1
2800,1
2801,1
2802,1
2803,1
2804,1
2805,1
2806,1
2807,1
2808,1
2809,1
2810,1
2811,1
2812,1
2813,1
2814,1
2815,1
2816,1
2817,3
2818,3
2819,3
2820,3
2821,3
2822,3
2823,3
2824,2
2825,2
2826,2
2827,2
2828,2
2829,2
2830,2
2831,2
2832,3
2833,3
2834,3
2835,3
2836,3
2837,3
2838,3
2839,2
2840,2
2841,2
2842,2
2843,2
2844,2
2845,2
2846,2
2847,3
2848,3
2849,3
2850,3
2851,3
2852,3
2853,3
2854,2
2855,2
2856,2
2857,2
2858,2
2859,2
2860,2
2861,2
2862,5
2863,5
2864,5
2865,5
2866,5
2867,5
2868,5
2869,5
2870,5
2871,5
2872,5
2873,5
2874,5
2875,5
2876,5
2877,7
2878,4
2879,4
2880,4
2881,4
2882,4
2883,4
2884,4
2885,4
2886,4
2887,4
2888,4
2889,4
2890,4
2891,4
2892,4
2893,8
2894,5
2895,5
2896,5
2897,5
2898,5
2899,5
2900,5
2901,5
2902,5
2903,5
2904,5
2905,5
2906,11
2907,11
2908,11
2909,6
2910,6
2911,6
2912,6
2913,6
2914,6
2915,6
2916,6
2917,6
2918,6
2919,6
2920,6
2921,6
2922,6
2923,6
2924,6
2925,6
2926,10
2927,4
2928,4
2929,4
2930,4
2931,4
2932,4
2933,4
2934,4
2935,4
2936,4
2937,4
2938,4
2939,4
2940,4
2941,4
2942,4
2943,4
2944,4
2945,9
2946,9
2947,6
2948,6
2949,6
2950,6
2951,6
2952,6
2953,6
2954,6
2955,6
2956,6
2957,6
2958,6
2959,6
2960,6
2961,6
2962,6
2963,6
2964,6
2965,6
2966,6
2967,6
2968,12
2969,1
2970,1
2971,1
2972,1
2973,1
2974,1
2975,1
2976,1
2977,1
2978,1
2979,1
2980,1
2981,1
2982,1
2983,1
2984,1
2985,1
2986,1
2987,1
2988,1
2989,1
2990,1
2991,1
2992,1
2993,1
2994,1
2995,3
2996,3
2997,3
2998,3
2999,3
3000,3
3001,3
3002,2
3003,2
3004,2
3005,2
3006,2
3007,2
3008,2
3009,2
3010,3
3011,3
3012,3
3013,3
3014,3
3015,3
3016,3
3017,2
3018,2
3019,2
3020,2
3021,2
3022,2
3023,2
3024,2
3025,3
3026,3
3027,3
3028,3
3029,3
3030,3
3031,3
3032,2
3033,2
3034,2
3035,2
3036,2
3037,2
3038,2
3039,2
3040,5
3041,5
3042,5
3043,5
3044,5
3045,5
3046,5
3047,5
3048,5
3049,5
3050,5
3051,5
3052,5
3053,5
3054,5
3055,5
3056,5
3057,5
3058,5
3059,5
3060,7
3061,4
3062,4
3063,4
3064,4
3065,4
3066,4
3067,4
3068,4
3069,4
3070,4
3071,4
3072,4
3073,4
3074,4
3075,4
3076,5
3077,5
3078,5
3079,5
3080,5
3081,5
3082,5
3083,5
3084,5
3085,5
3086,5
3087,5
3088,5
3089,5
3090,5
3091,5
3092,5
3093,11
3094,11
3095,6
3096,6
3097,6
3098,6
3099,6
3100,6
3101,6
3102,6
3103,6
3104,6
3105,6
3106,6
3107,6
3108,6
3109,6
3110,6
3111,6
3112,10
3113,4
3114,4
3115,4
3116,4
3117,4
3118,4
3119,4
3120,4
3121,4
3122,4
3123,4
3124,4
3125,4
3126,4
3127,4
3128,9
3129,9
3130,6
3131,6
3132,6
3133,6
3134,6
3135,6
3136,6
3137,6
3138,6
3139,6
3140,6
3141,6
3142,6
3143,6
3144,6
3145,6
3146,6
3147,6
3148,12
3149,1
3150,1
3151,1
3152,1
3153,1
3154,1
3155,1
3156,1
3157,1
3158,1
3159,1
3160,1
3161,1
3162,1
3163,1
3164,1
3165,1
3166,1
3167,1
3168,1
3169,1
3170,1
3171,1
3172,1
3173,1
3174,1
3175,3
3176,3
3177,3
3178,3
3179,3
3180,3
3181,3
3182,3
3183,2
3184,2
3185,2
3186,2
3187,2
3188,2
3189,2
3190,2
3191,2
3192,3
3193,3
3194,3
3195,3
3196,3
3197,3
3198,3
3199,3
3200,2
3201,2
3202,2
3203,2
3204,2
3205,2
3206,2
3207,2
3208,2
3209,3
3210,3
3211,3
3212,3
3213,3
3214,3
3215,3
3216,3
3217,2
3218,2
3219,2
3220,2
3221,2
3222,2
3223,2
3224,2
3225,2
3226,5
3227,5
3228,5
3229,5
3230,5
3231,5
3232,5
3233,5
3234,5
3235,5
3236,5
3237,5
3238,5
3239,5
3240,5
3241,5
3242,5
3243,5
3244,5
3245,5
3246,5
3247,5
3248,5
3249,5
3250,5
3251,7
3252,4
3253,4
3254,4
3255,4
3256,4
3257,4
3258,4
3259,4
3260,4
3261,4
3262,4
3263,4
3264,4
3265,4
3266,4
3267,4
3268,4
3269,4
3270,4
3271,4
3272,4
3273,4
3274,5
3275,5
3276,5
3277,5
3278,5
3279,5
3280,5
3281,5
3282,5
3283,5
3284,5
3285,5
3286,5
3287,5
3288,5
3289,5
3290,5
3291,5
3292,11
3293,11
3294,6
3295,6
3296,6
3297,6
3298,6
3299,6
3300,6
3301,6
3302,6
3303,6
3304,6
3305,6
3306,6
3307,6
3308,6
3309,6
3310,6
3311,6
3312,6
3313,10
3314,4
3315,4
3316,4
3317,4
3318,4
3319,4
3320,4
3321,4
3322,4
3323,4
3324,4
3325,4
3326,4
3327,4
3328,4
3329,9
3330,6
3331,6
3332,6
3333,6
3334,6
3335,6
3336,6
3337,6
3338,6
3339,6
3340,6
3341,6
3342,6
3343,6
3344,6
3345,6
3346,12
3347,1
3348,1
3349,1
3350,1
3351,1
3352,1
3353,1
3354,1
3355,1
3356,1
3357,1
3358,1
3359,1
3360,1
3361,1
3362,1
3363,1
3364,1
3365,1
3366,1
3367,1
3368,1
3369,1
3370,1
3371,1
3372,3
3373,3
3374,3
3375,3
3376,3
3377,3
3378,3
3379,2
3380,2
3381,2
3382,2
3383,2
3384,2
3385,2
3386,2
3387,3
3388,3
3389,3
3390,3
3391,3
3392,3
3393,3
3394,3
3395,2
3396,2
3397,2
3398,2
3399,2
3400,2
3401,2
3402,2
3403,3
3404,3
3405,3
3406,3
3407,3
3408,3
3409,3
3410,3
3411,2
3412,2
3413,2
3414,2
3415,2
3416,2
3417,2
3418,2
3419,5
3420,5
3421,5
3422,5
3423,5
3424,5
3425,5
3426,5
3427,5
3428,5
3429,5
3430,5
3431,5
3432,5
3433,5
3434,5
3435,5
3436,5
3437,5
3438,5
3439,5
3440,5
3441,5
3442,5
3443,5
3444,5
3445,5
3446,5
3447,5
3448,5
3449,7
3450,4
3451,4
3452,4
3453,4
3454,4
3455,4
3456,4
3457,4
3458,4
3459,4
3460,4
3461,4
3462,4
3463,4
3464,4
3465,4
3466,8
3467,5
3468,5
3469,5
3470,5
3471,5
3472,5
3473,5
3474,5
3475,5
3476,5
3477,5
3478,5
3479,5
3480,5
3481,5
3482,5
3483,11
3484,11
3485,6
3486,6
3487,6
3488,6
3489,6
3490,6
3491,6
3492,6
3493,6
3494,6
3495,6
3496,6
3497,6
3498,6
3499,6
3500,10
3501,10
3502,4
3503,4
3504,4
3505,4
3506,4
3507,4
3508,4
3509,4
3510,4
3511,4
3512,4
3513,4
3514,4
3515,4
3516,4
3517,4
3518,4
3519,9
3520,9
3521,9
3522,6
3523,6
3524,6
3525,6
3526,6
3527,6
3528,6
3529,6
3530,6
3531,6
3532,6
3533,6
3534,6
3535,6
3536,6
3537,6
3538,6
3539,6
3540,6
3541,6
3542,6
3543,6
3544,12
3545,12
3546,1
3547,1
3548,1
3549,1
3550,1
3551,1
3552,1
3553,1
3554,1
3555,1
3556,1
3557,1
3558,1
3559,1
3560,1
3561,1
3562,1
3563,1
3564,1
3565,1
3566,1
3567,1
3568,1
3569,1
3570,1
3571,1
3572,1
3573,1
3574,1
3575,1
3576,1
3577,1
3578,3
3579,3
3580,3
3581,3
3582,3
3583,3
3584,3
3585,3
3586,3
3587,2
3588,2
3589,2
3590,2
3591,2
3592,2
3593,2
3594,2
3595,3
3596,3
3597,3
3598,3
3599,3
3600,3
3601,3
3602,3
3603,2
3604,2
3605,2
3606,2
3607,2
3608,2
3609,2
3610,2
3611,3
3612,3
3613,3
3614,3
3615,3
3616,3
3617,3
3618,2
3619,2
3620,2
3621,2
3622,2
3623,2
3624,2
3625,2
3626,5
3627,5
3628,5
3629,5
3630,5
3631,5
3632,5
3633,5
3634,5
3635,5
3636,5
3637,5
3638,5
3639,5
3640,5
3641,5
3642,5
3643,5
3644,7
3645,4
3646,4
3647,4
3648,4
3649,4
3650,4
3651,4
3652,4
3653,4
3654,4
3655,4
3656,4
3657,4
3658,4
3659,4
3660,4
3661,8
3662,5
3663,5
3664,5
3665,5
3666,5
3667,5
3668,5
3669,5
3670,5
3671,5
3672,5
3673,5
3674,5
3675,5
3676,5
3677,5
3678,5
3679,5
3680,5
3681,11
3682,11
3683,11
3684,11
3685,6
3686,6
3687,6
3688,6
3689,6
3690,6
3691,6
3692,6
3693,6
3694,6
3695,6
3696,6
3697,6
3698,6
3699,6
3700,10
3701,10
3702,10
3703,4
3704,4
3705,4
3706,4
3707,4
3708,4
3709,4
3710,4
3711,4
3712,4
3713,4
3714,4
3715,4
3716,4
3717,4
3718,9
3719,9
3720,6
3721,6
3722,6
3723,6
3724,6
3725,6
3726,6
3727,6
3728,6
3729,6
3730,6
3731,6
3732,6
3733,6
3734,6
3735,6
3736,6
3737,6
3738,6
3739,6
3740,6
3741,6
3742,12
3743,12
3744,1
3745,1
3746,1
3747,1
3748,1
3749,1
3750,1
3751,1
3752,1
3753,1
3754,1
3755,1
3756,1
3757,1
3758,1
3759,1
3760,1
3761,1
3762,1
3763,1
3764,1
3765,1
3766,1
3767,1
3768,1
3769,1
3770,1
3771,1
3772,1
3773,3
3774,3
3775,3
3776,3
3777,3
3778,3
3779,3
3780,3
3781,2
3782,2
3783,2
3784,2
3785,2
3786,2
3787,2
3788,2
3789,3
3790,3
3791,3
3792,3
3793,3
3794,3
3795,3
3796,2
3797,2
3798,2
3799,2
3800,2
3801,2
3802,2
3803,2
3804,3
3805,3
3806,3
3807,3
3808,3
3809,3
3810,3
3811,3
3812,2
3813,2
3814,2
3815,2
3816,2
3817,2
3818,2
3819,2
3820,5
3821,5
3822,5
3823,5
3824,5
3825,5
3826,5
3827,5
3828,5
3829,5
3830,5
3831,5
3832,5
3833,5
3834,5
3835,5
3836,5
3837,5
3838,5
3839,5
3840,7
3841,4
3842,4
3843,4
3844,4
3845,4
3846,4
3847,4
3848,4
3849,4
3850,4
3851,4
3852,4
3853,4
3854,4
3855,4
3856,4
3857,4
3858,4
3859,4
3860,8
3861,5
3862,5
3863,5
3864,5
3865,5
3866,5
3867,5
3868,5
3869,5
3870,5
3871,5
3872,5
3873,5
3874,5
3875,5
3876,5
3877,5
3878,5
3879,5
3880,5
3881,5
3882,11
3883,11
3884,11
3885,6
3886,6
3887,6
3888,6
3889,6
3890,6
3891,6
3892,6
3893,6
3894,6
3895,6
3896,6
3897,6
3898,6
3899,6
3900,6
3901,6
3902,6
3903,6
3904,6
3905,6
3906,10
3907,10
3908,4
3909,4
3910,4
3911,4
3912,4
3913,4
3914,4
3915,4
3916,4
3917,4
3918,4
3919,4
3920,4
3921,4
3922,4
3923,4
3924,4
3925,4
3926,4
3927,9
3928,6
3929,6
3930,6
3931,6
3932,6
3933,6
3934,6
3935,6
3936,6
3937,6
3938,6
3939,6
3940,6
3941,6
3942,6
3943,6
3944,6
3945,6
3946,6
3947,6
3948,6
3949,12
3950,1
3951,1
3952,1
3953,1
3954,1
3955,1
3956,1
3957,1
3958,1
3959,1
3960,1
3961,1
3962,1
3963,1
3964,1
3965,1
3966,1
3967,1
3968,1
3969,1
3970,1
3971,1
3972,1
3973,1
3974,1
3975,1
3976,1
3977,3
3978,3
3979,3
3980,3
3981,3
3982,3
3983,3
3984,2
3985,2
3986,2
3987,2
3988,2
3989,2
3990,2
3991,3
3992,3
3993,3
3994,3
3995,3
3996,3
3997,3
3998,2
3999,2
4000,2
4001,2
4002,2
4003,2
4004,2
4005,3
4006,3
4007,3
4008,3
4009,3
4010,3
4011,3
4012,2
4013,2
4014,2
4015,2
4016,2
4017,2
4018,2
4019,5
4020,5
4021,5
4022,5
4023,5
4024,5
4025,5
4026,5
4027,5
4028,5
4029,5
4030,5
4031,5
4032,5
4033,5
4034,5
4035,5
4036,7
4037,4
4038,4
4039,4
4040,4
4041,4
4042,4
4043,4
4044,4
4045,4
4046,4
4047,4
4048,4
4049,4
4050,4
4051,4
4052,5
4053,5
4054,5
4055,5
4056,5
4057,5
4058,5
4059,5
4060,5
4061,5
4062,5
4063,5
4064,5
4065,5
4066,5
4067,5
4068,11
4069,11
4070,11
4071,11
4072,6
4073,6
4074,6
4075,6
4076,6
4077,6
4078,6
4079,6
4080,6
4081,6
4082,6
4083,6
4084,6
4085,6
4086,6
4087,6
4088,6
4089,6
4090,6
4091,6
4092,6
4093,6
4094,6
4095,10
4096,4
4097,4
4098,4
4099,4
4100,4
4101,4
4102,4
4103,4
4104,4
4105,4
4106,4
4107,4
4108,4
4109,4
4110,4
4111,4
4112,4
4113,4
4114,4
4115,4
4116,4
4117,9
4118,9
4119,6
4120,6
4121,6
4122,6
4123,6
4124,6
4125,6
4126,6
4127,6
4128,6
4129,6
4130,6
4131,6
4132,6
4133,6
4134,6
4135,6
4136,6
4137,6
4138,12
4139,1
4140,1
4141,1
4142,1
4143,1
4144,1
4145,1
4146,1
4147,1
4148,1
4149,1
4150,1
4151,1
4152,1
4153,1
4154,1
4155,1
4156,1
4157,1
4158,1
4159,1
4160,1
4161,1
4162,1
4163,1
4164,3
4165,3
4166,3
4167,3
4168,3
4169,3
4170,2
4171,2
4172,2
4173,2
4174,2
4175,2
4176,2
4177,3
4178,3
4179,3
4180,3
4181,3
4182,3
4183,2
4184,2
4185,2
4186,2
4187,2
4188,2
4189,3
4190,3
4191,3
4192,3
4193,3
4194,3
4195,2
4196,2
4197,2
4198,2
4199,2
4200,2
4201,5
4202,5
4203,5
4204,5
4205,5
4206,5
4207,5
4208,5
4209,5
4210,5
4211,5
4212,5
4213,5
4214,5
4215,5
4216,5
4217,5
4218,5
4219,5
4220,5
4221,5
4222,5
4223,5
4224,5
4225,7
4226,4
4227,4
4228,4
4229,4
4230,4
4231,4
4232,4
4233,4
4234,4
4235,4
4236,4
4237,4
4238,4
4239,4
4240,4
4241,4
4242,4
4243,4
4244,4
4245,4
4246,4
4247,4
4248,4
4249,8
4250,5
4251,5
4252,5
4253,5
4254,5
4255,5
4256,5
4257,5
4258,5
4259,5
4260,5
4261,5
4262,5
4263,5
4264,5
4265,5
4266,5
4267,5
4268,5
4269,5
4270,5
4271,5
4272,5
4273,5
4274,5
4275,11
4276,11
4277,11
4278,6
4279,6
4280,6
4281,6
4282,6
4283,6
4284,6
4285,6
4286,6
4287,6
4288,6
4289,6
4290,6
4291,6
4292,6
4293,6
4294,6
4295,6
4296,6
4297,10
4298,10
4299,4
4300,4
4301,4
4302,4
4303,4
4304,4
4305,4
4306,4
4307,4
4308,4
4309,4
4310,4
4311,4
4312,4
4313,4
4314,4
4315,4
4316,4
4317,4
4318,4
4319,4
4320,4
4321,4
4322,4
4323,9
4324,9
4325,6
4326,6
4327,6
4328,6
4329,6
4330,6
4331,6
4332,6
4333,6
4334,6
4335,6
4336,6
4337,6
4338,6
4339,6
4340,6
4341,6
4342,6
4343,6
4344,6
4345,6
4346,6
4347,6
4348,6
4349,6
4350,12
4351,12
4352,1
4353,1
4354,1
4355,1
4356,1
4357,1
4358,1
4359,1
4360,1
4361,1
4362,1
4363,1
4364,1
4365,1
4366,1
4367,1
4368,1
4369,1
4370,1
4371,1
4372,1
4373,1
4374,1
4375,1
4376,1
4377,1
4378,1
4379,3
4380,3
4381,3
4382,3
4383,3
4384,3
4385,3
4386,2
4387,2
4388,2
4389,2
4390,2
4391,2
4392,2
4393,2
4394,2
4395,3
4396,3
4397,3
4398,3
4399,3
4400,3
4401,3
4402,3
4403,2
4404,2
4405,2
4406,2
4407,2
4408,2
4409,2
4410,2
4411,3
4412,3
4413,3
4414,3
4415,3
4416,3
4417,3
4418,3
4419,2
4420,2
4421,2
4422,2
4423,2
4424,2
4425,2
4426,2
4427,5
4428,5
4429,5
4430,5
4431,5
4432,5
4433,5
4434,5
4435,5
4436,5
4437,5
4438,5
4439,5
4440,5
4441,5
4442,5
4443,5
4444,5
4445,5
4446,5
4447,5
4448,5
4449,5
4450,7
4451,4
4452,4
4453,4
4454,4
4455,4
4456,4
4457,4
4458,4
4459,4
4460,4
4461,4
4462,4
4463,4
4464,4
4465,4
4466,4
4467,4
4468,4
4469,5
4470,5
4471,5
4472,5
4473,5
4474,5
4475,5
4476,5
4477,5
4478,5
4479,5
4480,5
4481,5
4482,5
4483,5
4484,5
4485,5
4486,5
4487,5
4488,5
4489,5
4490,5
4491,11
4492,11
4493,11
4494,6
4495,6
4496,6
4497,6
4498,6
4499,6
4500,6
4501,6
4502,6
4503,6
4504,6
4505,6
4506,6
4507,6
4508,6
4509,6
4510,6
4511,6
4512,6
4513,6
4514,6
4515,6
4516,6
4517,6
4518,10
4519,10
4520,4
4521,4
4522,4
4523,4
4524,4
4525,4
4526,4
4527,4
4528,4
4529,4
4530,4
4531,4
4532,4
4533,4
4534,4
4535,4
4536,4
4537,4
4538,4
4539,4
4540,9
4541,9
4542,6
4543,6
4544,6
4545,6
4546,6
4547,6
4548,6
4549,6
4550,6
4551,6
4552,6
4553,6
4554,6
4555,6
4556,6
4557,6
4558,6
4559,6
4560,6
4561,6
4562,6
4563,6
4564,12
4565,12
4566,1
4567,1
4568,1
4569,1
4570,1
4571,1
4572,1
4573,1
4574,1
4575,1
4576,1
4577,1
4578,1
4579,1
4580,1
4581,1
4582,1
4583,1
4584,1
4585,1
4586,1
4587,1
4588,1
4589,1
4590,1
4591,3
4592,3
4593,3
4594,3
4595,3
4596,3
4597,3
4598,3
4599,2
4600,2
4601,2
4602,2
4603,2
4604,2
4605,2
4606,2
4607,3
4608,3
4609,3
4610,3
4611,3
4612,3
4613,3
4614,2
4615,2
4616,2
4617,2
4618,2
4619,2
4620,2
4621,3
4622,3
4623,3
4624,3
4625,3
4626,3
4627,3
4628,2
4629,2
4630,2
4631,2
4632,2
4633,2
4634,2
4635,5
4636,5
4637,5
4638,5
4639,5
4640,5
4641,5
4642,5
4643,5
4644,5
4645,5
4646,5
4647,5
4648,5
4649,5
4650,5
4651,7
4652,7
4653,4
4654,4
4655,4
4656,4
4657,4
4658,4
4659,4
4660,4
4661,4
4662,4
4663,4
4664,4
4665,4
4666,4
4667,4
4668,5
4669,5
4670,5
4671,5
4672,5
4673,5
4674,5
4675,5
4676,5
4677,5
4678,5
4679,5
4680,5
4681,5
4682,5
4683,5
4684,11
4685,6
4686,6
4687,6
4688,6
4689,6
4690,6
4691,6
4692,6
4693,6
4694,6
4695,6
4696,6
4697,6
4698,6
4699,6
4700,10
4701,4
4702,4
4703,4
4704,4
4705,4
4706,4
4707,4
4708,4
4709,4
4710,4
4711,4
4712,4
4713,4
4714,4
4715,4
4716,4
4717,4
4718,4
4719,9
4720,6
4721,6
4722,6
4723,6
4724,6
4725,6
4726,6
4727,6
4728,6
4729,6
4730,6
4731,6
4732,6
4733,6
4734,6
4735,6
4736,6
4737,6
4738,6
4739,6
4740,6
4741,6
4742,12
4743,12
4744,12
4745,1
4746,1
4747,1
4748,1
4749,1
4750,1
4751,1
4752,1
4753,1
4754,1
4755,1
4756,1
4757,1
4758,1
4759,1
4760,1
4761,1
4762,1
4763,1
4764,1
4765,1
4766,1
4767,1
4768,3
4769,3
4770,3
4771,3
4772,3
4773,3
4774,2
4775,2
4776,2
4777,2
4778,2
4779,2
4780,2
4781,3
4782,3
4783,3
4784,3
4785,3
4786,3
4787,2
4788,2
4789,2
4790,2
4791,2
4792,2
4793,2
4794,3
4795,3
4796,3
4797,3
4798,3
4799,3
4800,2
4801,2
4802,2
4803,2
4804,2
4805,2
4806,2
4807,5
4808,5
4809,5
4810,5
4811,5
4812,5
4813,5
4814,5
4815,5
4816,5
4817,5
4818,5
4819,5
4820,5
4821,5
4822,5
4823,5
4824,5
4825,4
4826,4
4827,4
4828,4
4829,4
4830,4
4831,4
4832,4
4833,4
4834,4
4835,4
4836,4
4837,4
4838,4
4839,5
4840,5
4841,5
4842,5
4843,5
4844,5
4845,5
4846,5
4847,5
4848,5
4849,5
4850,5
4851,5
4852,5
4853,5
4854,11
4855,6
4856,6
4857,6
4858,6
4859,6
4860,6
4861,6
4862,6
4863,6
4864,6
4865,6
4866,6
4867,6
4868,6
4869,6
4870,6
4871,6
4872,6
4873,6
4874,6
4875,10
4876,4
4877,4
4878,4
4879,4
4880,4
4881,4
4882,4
4883,4
4884,4
4885,4
4886,4
4887,4
4888,4
4889,4
4890,4
4891,9
4892,6
4893,6
4894,6
4895,6
4896,6
4897,6
4898,6
4899,6
4900,6
4901,6
4902,6
4903,6
4904,6
4905,6
4906,6
4907,10
4908,1
4909,1
4910,1
4911,1
4912,1
4913,1
4914,1
4915,1
4916,1
4917,1
4918,1
4919,1
4920,1
4921,1
4922,1
4923,1
4924,1
4925,1
4926,1
4927,1
4928,1
4929,1
4930,1
4931,3
4932,3
4933,3
4934,3
4935,3
4936,3
4937,2
4938,2
4939,2
4940,2
4941,2
4942,2
4943,2
4944,3
4945,3
4946,3
4947,3
4948,3
4949,3
4950,2
4951,2
4952,2
4953,2
4954,2
4955,2
4956,2
4957,3
4958,3
4959,3
4960,3
4961,3
4962,3
4963,2
4964,2
4965,2
4966,2
4967,2
4968,2
4969,2
4970,5
4971,5
4972,5
4973,5
4974,5
4975,5
4976,5
4977,5
4978,5
4979,5
4980,5
4981,5
4982,5
4983,5
4984,5
4985,5
4986,5
4987,5
4988,5
4989,7
4990,4
4991,4
4992,4
4993,4
4994,4
4995,4
4996,4
4997,4
4998,4
4999,4
5000,4
5001,4
5002,4
5003,4
5004,4
5005,4
5006,4
5007,4
5008,4
5009,5
5010,5
5011,5
5012,5
5013,5
5014,5
5015,5
5016,5
5017,5
5018,5
5019,5
5020,5
5021,5
5022,5
5023,5
5024,5
5025,11
5026,11
5027,6
5028,6
5029,6
5030,6
5031,6
5032,6
5033,6
5034,6
5035,6
5036,6
5037,6
5038,6
5039,6
5040,6
5041,6
5042,10
5043,4
5044,4
5045,4
5046,4
5047,4
5048,4
5049,4
5050,4
5051,4
5052,4
5053,4
5054,4
5055,4
5056,4
5057,4
5058,4
5059,4
5060,4
5061,4
5062,4
5063,9
5064,9
5065,6
5066,6
5067,6
5068,6
5069,6
5070,6
5071,6
5072,6
5073,6
5074,6
5075,6
5076,6
5077,6
5078,6
5079,6
5080,6
5081,6
5082,6
5083,12
5084,1
5085,1
5086,1
5087,1
5088,1
5089,1
5090,1
5091,1
5092,1
5093,1
5094,1
5095,1
5096,1
5097,1
5098,1
5099,1
5100,1
5101,1
5102,1
5103,1
5104,1
5105,1
5106,1
5107,1
5108,1
5109,1
5110,1
5111,1
5112,1
5113,1
5114,3
5115,3
5116,3
5117,3
5118,3
5119,3
5120,3
5121,3
5122,3
5123,2
5124,2
5125,2
5126,2
5127,2
5128,2
5129,2
5130,2
5131,2
5132,3
5133,3
5134,3
5135,3
5136,3
5137,3
5138,3
5139,3
5140,3
5141,2
5142,2
5143,2
5144,2
5145,2
5146,2
5147,2
5148,2
5149,3
5150,3
5151,3
5152,3
5153,3
5154,3
5155,3
5156,3
5157,3
5158,2
5159,2
5160,2
5161,2
5162,2
5163,2
5164,2
5165,2
5166,5
5167,5
5168,5
5169,5
5170,5
5171,5
5172,5
5173,5
5174,5
5175,5
5176,5
5177,5
5178,5
5179,5
5180,5
5181,5
5182,5
5183,7
5184,7
5185,4
5186,4
5187,4
5188,4
5189,4
5190,4
5191,4
5192,4
5193,4
5194,4
5195,4
5196,4
5197,4
5198,8
5199,5
5200,5
5201,5
5202,5
5203,5
5204,5
5205,5
5206,5
5207,5
5208,5
5209,5
5210,5
5211,5
5212,5
5213,5
5214,5
5215,5
5216,5
5217,5
5218,11
5219,11
5220,11
5221,6
5222,6
5223,6
5224,6
5225,6
5226,6
5227,6
5228,6
5229,6
5230,6
5231,6
5232,6
5233,6
5234,6
5235,6
5236,6
5237,6
5238,6
5239,6
5240,6
5241,6
5242,6
5243,6
5244,10
5245,4
5246,4
5247,4
5248,4
5249,4
5250,4
5251,4
5252,4
5253,4
5254,4
5255,4
5256,4
5257,4
5258,4
5259,4
5260,4
5261,9
5262,9
5263,6
5264,6
5265,6
5266,6
5267,6
5268,6
5269,6
5270,6
5271,6
5272,6
5273,6
5274,6
5275,6
5276,6
5277,6
5278,6
5279,12
5280,1
5281,1
5282,1
5283,1
5284,1
5285,1
5286,1
5287,1
5288,1
5289,1
5290,1
5291,1
5292,1
5293,1
5294,1
5295,1
5296,1
5297,1
5298,1
5299,1
5300,1
5301,1
5302,1
5303,1
5304,1
5305,1
5306,1
5307,1
5308,1
5309,3
5310,3
5311,3
5312,3
5313,3
5314,3
5315,3
5316,3
5317,3
5318,2
5319,2
5320,2
5321,2
5322,2
5323,2
5324,2
5325,2
5326,3
5327,3
5328,3
5329,3
5330,3
5331,3
5332,3
5333,3
5334,3
5335,2
5336,2
5337,2
5338,2
5339,2
5340,2
5341,2
5342,2
5343,2
5344,3
5345,3
5346,3
5347,3
5348,3
5349,3
5350,3
5351,3
5352,3
5353,2
5354,2
5355,2
5356,2
5357,2
5358,2
5359,2
5360,2
5361,2
5362,5
5363,5
5364,5
5365,5
5366,5
5367,5
5368,5
5369,5
5370,5
5371,5
5372,5
5373,5
5374,5
5375,5
5376,5
5377,5
5378,5
5379,5
5380,5
5381,7
5382,4
5383,4
5384,4
5385,4
5386,4
5387,4
5388,4
5389,4
5390,4
5391,4
5392,4
5393,4
5394,4
5395,4
5396,4
5397,4
5398,4
5399,8
5400,5
5401,5
5402,5
5403,5
5404,5
5405,5
5406,5
5407,5
5408,5
5409,5
5410,5
5411,5
5412,5
5413,5
5414,5
5415,5
5416,5
5417,5
5418,11
5419,6
5420,6
5421,6
5422,6
5423,6
5424,6
5425,6
5426,6
5427,6
5428,6
5429,6
5430,6
5431,6
5432,6
5433,6
5434,6
5435,6
5436,6
5437,6
5438,6
5439,10
5440,10
5441,10
5442,4
5443,4
5444,4
5445,4
5446,4
5447,4
5448,4
5449,4
5450,4
5451,4
5452,4
5453,4
5454,4
5455,4
5456,4
5457,4
5458,4
5459,4
5460,9
5461,9
5462,6
5463,6
5464,6
5465,6
5466,6
5467,6
5468,6
5469,6
5470,6
5471,6
5472,6
5473,6
5474,6
5475,6
5476,6
5477,12
5478,12
5479,12
5480,12
5481,1
5482,1
5483,1
5484,1
5485,1
5486,1
5487,1
5488,1
5489,1
5490,1
5491,1
5492,1
5493,1
5494,1
5495,1
5496,1
5497,1
5498,1
5499,1
5500,1
5501,1
5502,1
5503,1
5504,1
5505,1
5506,1
5507,1
5508,1
5509,1
5510,1
5511,1
5512,1
5513,1
5514,1
5515,1
5516,1
5517,3
5518,3
5519,3
5520,3
5521,3
5522,3
5523,3
5524,3
5525,3
5526,2
5527,2
5528,2
5529,2
5530,2
5531,2
5532,2
5533,2
5534,2
5535,2
5536,2
5537,3
5538,3
5539,3
5540,3
5541,3
5542,3
5543,3
5544,3
5545,3
5546,3
5547,2
5548,2
5549,2
5550,2
5551,2
5552,2
5553,2
5554,2
5555,2
5556,2
5557,2
5558,2
5559,3
5560,3
5561,3
5562,3
5563,3
5564,3
5565,3
5566,3
5567,3
5568,3
5569,3
5570,2
5571,2
5572,2
5573,2
5574,2
5575,2
5576,2
5577,2
5578,2
5579,2
5580,2
5581,2
5582,5
5583,5
5584,5
5585,5
5586,5
5587,5
5588,5
5589,5
5590,5
5591,5
5592,5
5593,5
5594,5
5595,5
5596,5
5597,5
5598,5
5599,5
5600,7
5601,7
5602,4
5603,4
5604,4
5605,4
5606,4
5607,4
5608,4
5609,4
5610,4
5611,4
5612,4
5613,4
5614,4
5615,4
5616,4
5617,8
5618,5
5619,5
5620,5
5621,5
5622,5
5623,5
5624,5
5625,5
5626,5
5627,5
5628,5
5629,5
5630,5
5631,5
5632,5
5633,5
5634,5
5635,5
5636,5
5637,5
5638,11
5639,11
5640,6
5641,6
5642,6
5643,6
5644,6
5645,6
5646,6
5647,6
5648,6
5649,6
5650,6
5651,6
5652,6
5653,6
5654,6
5655,6
5656,6
5657,6
5658,6
5659,6
5660,6
5661,10
5662,10
5663,4
5664,4
5665,4
5666,4
5667,4
5668,4
5669,4
5670,4
5671,4
5672,4
5673,4
5674,4
5675,4
5676,4
5677,4
5678,4
5679,9
5680,6
5681,6
5682,6
5683,6
5684,6
5685,6
5686,6
5687,6
5688,6
5689,6
5690,6
5691,6
5692,6
5693,6
5694,6
5695,6
5696,6
5697,6
5698,6
5699,12
5700,1
5701,1
5702,1
5703,1
5704,1
5705,1
5706,1
5707,1
5708,1
5709,1
5710,1
5711,1
5712,1
5713,1
5714,1
5715,1
5716,1
5717,1
5718,1
5719,1
5720,1
5721,1
5722,1
5723,1
5724,1
5725,1
5726,1
5727,1
5728,1
5729,1
5730,1
5731,1
5732,1
5733,1
5734,1
5735,1
5736,1
5737,1
5738,3
5739,3
5740,3
5741,3
5742,3
5743,3
5744,3
5745,3
5746,3
5747,2
5748,2
5749,2
5750,2
5751,2
5752,2
5753,2
5754,2
5755,2
5756,2
5757,3
5758,3
5759,3
5760,3
5761,3
5762,3
5763,3
5764,3
5765,3
5766,2
5767,2
5768,2
5769,2
5770,2
5771,2
5772,2
5773,2
5774,2
5775,2
5776,3
5777,3
5778,3
5779,3
5780,3
5781,3
5782,3
5783,3
5784,3
5785,3
5786,2
5787,2
5788,2
5789,2
5790,2
5791,2
5792,2
5793,2
5794,2
5795,2
5796,5
5797,5
5798,5
5799,5
5800,5
5801,5
5802,5
5803,5
5804,5
5805,5
5806,5
5807,5
5808,5
5809,5
5810,5
5811,5
5812,5
5813,5
5814,5
5815,5
5816,5
5817,5
5818,5
5819,5
5820,5
5821,7
5822,4
5823,4
5824,4
5825,4
5826,4
5827,4
5828,4
5829,4
5830,4
5831,4
5832,4
5833,4
5834,4
5835,4
5836,4
5837,4
5838,4
5839,4
5840,4
5841,4
5842,4
5843,8
5844,5
5845,5
5846,5
5847,5
5848,5
5849,5
5850,5
5851,5
5852,5
5853,5
5854,5
5855,5
5856,5
5857,5
5858,5
5859,11
5860,6
5861,6
5862,6
5863,6
5864,6
5865,6
5866,6
5867,6
5868,6
5869,6
5870,6
5871,6
5872,6
5873,6
5874,6
5875,6
5876,6
5877,10
5878,4
5879,4
5880,4
5881,4
5882,4
5883,4
5884,4
5885,4
5886,4
5887,4
5888,4
5889,4
5890,4
5891,4
5892,4
5893,4
5894,4
5895,4
5896,4
5897,4
5898,4
5899,4
5900,4
5901,4
5902,9
5903,6
5904,6
5905,6
5906,6
5907,6
5908,6
5909,6
5910,6
5911,6
5912,6
5913,6
5914,6
5915,6
5916,6
5917,6
5918,6
5919,6
5920,12
5921,12
5922,1
5923,1
5924,1
5925,1
5926,1
5927,1
5928,1
5929,1
5930,1
5931,1
5932,1
5933,1
5934,1
5935,1
5936,1
5937,1
5938,1
5939,1
5940,1
5941,1
5942,1
5943,1
5944,1
5945,1
5946,1
5947,1
5948,1
5949,1
5950,3
5951,3
5952,3
5953,3
5954,3
5955,3
5956,3
5957,3
5958,2
5959,2
5960,2
5961,2
5962,2
5963,2
5964,2
5965,2
5966,2
5967,2
5968,3
5969,3
5970,3
5971,3
5972,3
5973,3
5974,3
5975,3
5976,2
5977,2
5978,2
5979,2
5980,2
5981,2
5982,2
5983,2
5984,2
5985,3
5986,3
5987,3
5988,3
5989,3
5990,3
5991,3
5992,3
5993,3
5994,2
5995,2
5996,2
5997,2
5998,2
5999,2
6000,2
6001,2
6002,2
6003,5
6004,5
6005,5
6006,5
6007,5
6008,5
6009,5
6010,5
6011,5
6012,5
6013,5
6014,5
6015,5
6016,5
6017,5
6018,5
6019,5
6020,5
6021,5
6022,7
6023,4
6024,4
6025,4
6026,4
6027,4
6028,4
6029,4
6030,4
6031,4
6032,4
6033,4
6034,4
6035,4
6036,4
6037,4
6038,4
6039,5
6040,5
6041,5
6042,5
6043,5
6044,5
6045,5
6046,5
6047,5
6048,5
6049,5
6050,5
6051,5
6052,5
6053,5
6054,5
6055,5
6056,5
6057,11
6058,6
6059,6
6060,6
6061,6
6062,6
6063,6
6064,6
6065,6
6066,6
6067,6
6068,6
6069,6
6070,6
6071,6
6072,6
6073,6
6074,6
6075,6
6076,6
6077,10
6078,4
6079,4
6080,4
6081,4
6082,4
6083,4
6084,4
6085,4
6086,4
6087,4
6088,4
6089,4
6090,4
6091,4
6092,4
6093,4
6094,4
6095,4
6096,9
6097,9
6098,6
6099,6
6100,6
6101,6
6102,6
6103,6
6104,6
6105,6
6106,6
6107,6
6108,6
6109,6
6110,6
6111,6
6112,6
6113,6
6114,6
6115,6
6116,6
6117,6
6118,6
6119,6
6120,6
6121,12
6122,1
6123,1
6124,1
6125,1
6126,1
6127,1
6128,1
6129,1
6130,1
6131,1
6132,1
6133,1
6134,1
6135,1
6136,1
6137,1
6138,1
6139,1
6140,1
6141,1
6142,1
6143,1
6144,1
6145,1
6146,1
6147,1
6148,1
6149,1
6150,1
6151,1
6152,1
6153,3
6154,3
6155,3
6156,3
6157,3
6158,3
6159,3
6160,3
6161,3
6162,2
6163,2
6164,2
6165,2
6166,2
6167,2
6168,2
6169,2
6170,2
6171,3
6172,3
6173,3
6174,3
6175,3
6176,3
6177,3
6178,3
6179,2
6180,2
6181,2
6182,2
6183,2
6184,2
6185,2
6186,2
6187,2
6188,3
6189,3
6190,3
6191,3
6192,3
6193,3
6194,3
6195,3
6196,2
6197,2
6198,2
6199,2
6200,2
6201,2
6202,2
6203,2
6204,2
6205,5
6206,5
6207,5
6208,5
6209,5
6210,5
6211,5
6212,5
6213,5
6214,5
6215,5
6216,5
6217,5
6218,5
6219,5
6220,5
6221,5
6222,5
6223,7
6224,4
6225,4
6226,4
6227,4
6228,4
6229,4
6230,4
6231,4
6232,4
6233,4
6234,4
6235,4
6236,4
6237,4
6238,4
6239,4
6240,4
6241,4
6242,5
6243,5
6244,5
6245,5
6246,5
6247,5
6248,5
6249,5
6250,5
6251,5
6252,5
6253,5
6254,5
6255,5
6256,5
6257,5
6258,5
6259,5
6260,5
6261,11
6262,11
6263,6
6264,6
6265,6
6266,6
6267,6
6268,6
6269,6
6270,6
6271,6
6272,6
6273,6
6274,6
6275,6
6276,6
6277,6
6278,6
6279,6
6280,6
6281,10
6282,4
6283,4
6284,4
6285,4
6286,4
6287,4
6288,4
6289,4
6290,4
6291,4
6292,4
6293,4
6294,4
6295,4
6296,4
6297,4
6298,4
6299,4
6300,4
6301,4
6302,9
6303,9
6304,6
6305,6
6306,6
6307,6
6308,6
6309,6
6310,6
6311,6
6312,6
6313,6
6314,6
6315,6
6316,6
6317,6
6318,6
6319,6
6320,6
6321,6
6322,6
6323,1
6324,1
6325,1
6326,1
6327,1
6328,1
6329,1
6330,1
6331,1
6332,1
6333,1
6334,1
6335,1
6336,1
6337,1
6338,1
6339,1
6340,1
6341,1
6342,1
6343,1
6344,1
6345,1
6346,1
6347,1
6348,1
6349,1
6350,1
6351,3
6352,3
6353,3
6354,3
6355,3
6356,3
6357,3
6358,2
6359,2
6360,2
6361,2
6362,2
6363,2
6364,2
6365,2
6366,3
6367,3
6368,3
6369,3
6370,3
6371,3
6372,3
6373,2
6374,2
6375,2
6376,2
6377,2
6378,2
6379,2
6380,2
6381,2
6382,3
6383,3
6384,3
6385,3
6386,3
6387,3
6388,3
6389,3
6390,2
6391,2
6392,2
6393,2
6394,2
6395,2
6396,2
6397,2
6398,5
6399,5
6400,5
6401,5
6402,5
6403,5
6404,5
6405,5
6406,5
6407,5
6408,5
6409,5
6410,5
6411,5
6412,5
6413,5
6414,5
6415,5
6416,5
6417,5
6418,5
6419,5
6420,5
6421,5
6422,5
6423,7
6424,4
6425,4
6426,4
6427,4
6428,4
6429,4
6430,4
6431,4
6432,4
6433,4
6434,4
6435,4
6436,4
6437,4
6438,4
6439,4
6440,5
6441,5
6442,5
6443,5
6444,5
6445,5
6446,5
6447,5
6448,5
6449,5
6450,5
6451,5
6452,5
6453,5
6454,5
6455,5
6456,5
6457,5
6458,5
6459,5
6460,11
6461,6
6462,6
6463,6
6464,6
6465,6
6466,6
6467,6
6468,6
6469,6
6470,6
6471,6
6472,6
6473,6
6474,6
6475,6
6476,6
6477,6
6478,6
6479,6
6480,6
6481,6
6482,6
6483,6
6484,6
6485,10
6486,4
6487,4
6488,4
6489,4
6490,4
6491,4
6492,4
6493,4
6494,4
6495,4
6496,4
6497,4
6498,4
6499,4
6500,4
6501,4
6502,4
6503,4
6504,9
6505,9
6506,6
6507,6
6508,6
6509,6
6510,6
6511,6
6512,6
6513,6
6514,6
6515,6
6516,6
6517,6
6518,6
6519,6
6520,6
6521,12
6522,1
6523,1
6524,1
6525,1
6526,1
6527,1
6528,1
6529,1
6530,1
6531,1
6532,1
6533,1
6534,1
6535,1
6536,1
6537,1
6538,1
6539,1
6540,1
6541,1
6542,1
6543,1
6544,1
6545,1
6546,1
6547,1
6548,1
6549,1
6550,1
6551,3
6552,3
6553,3
6554,3
6555,3
6556,3
6557,3
6558,3
6559,2
6560,2
6561,2
6562,2
6563,2
6564,2
6565,2
6566,2
6567,2
6568,3
6569,3
6570,3
6571,3
6572,3
6573,3
6574,3
6575,3
6576,2
6577,2
6578,2
6579,2
6580,2
6581,2
6582,2
6583,2
6584,2
6585,3
6586,3
6587,3
6588,3
6589,3
6590,3
6591,2
6592,2
6593,2
6594,2
6595,2
6596,2
6597,2
6598,2
6599,5
6600,5
6601,5
6602,5
6603,5
6604,5
6605,5
6606,5
6607,5
6608,5
6609,5
6610,5
6611,5
6612,5
6613,5
6614,5
6615,5
6616,5
6617,5
6618,5
6619,5
6620,7
6621,7
6622,7
6623,4
6624,4
6625,4
6626,4
6627,4
6628,4
6629,4
6630,4
6631,4
6632,4
6633,4
6634,4
6635,4
6636,4
6637,4
6638,4
6639,4
6640,4
6641,4
6642,4
6643,4
6644,8
6645,5
6646,5
6647,5
6648,5
6649,5
6650,5
6651,5
6652,5
6653,5
6654,5
6655,5
6656,5
6657,5
6658,5
6659,5
6660,5
6661,5
6662,5
6663,5
6664,5
6665,5
6666,5
6667,6
6668,6
6669,6
6670,6
6671,6
6672,6
6673,6
6674,6
6675,6
6676,6
6677,6
6678,6
6679,6
6680,6
6681,6
6682,6
6683,6
6684,6
6685,4
6686,4
6687,4
6688,4
6689,4
6690,4
6691,4
6692,4
6693,4
6694,4
6695,4
6696,4
6697,4
6698,4
6699,4
6700,4
6701,4
6702,4
6703,4
6704,4
6705,4
6706,4
6707,4
6708,9
6709,9
6710,6
6711,6
6712,6
6713,6
6714,6
6715,6
6716,6
6717,6
6718,6
6719,6
6720,6
6721,6
6722,6
6723,6
6724,6
6725,6
6726,6
6727,6
6728,6
6729,6
6730,6
6731,6
6732,6
6733,6
6734,12
6735,1
6736,1
6737,1
6738,1
6739,1
6740,1
6741,1
6742,1
6743,1
6744,1
6745,1
6746,1
6747,1
6748,1
6749,1
6750,1
6751,1
6752,1
6753,1
6754,1
6755,1
6756,1
6757,1
6758,1
6759,1
6760,1
6761,1
6762,1
6763,3
6764,3
6765,3
6766,3
6767,3
6768,3
6769,3
6770,3
6771,2
6772,2
6773,2
6774,2
6775,2
6776,2
6777,2
6778,2
6779,2
6780,3
6781,3
6782,3
6783,3
6784,3
6785,3
6786,3
6787,3
6788,2
6789,2
6790,2
6791,2
6792,2
6793,2
6794,2
6795,2
6796,2
6797,2
6798,3
6799,3
6800,3
6801,3
6802,3
6803,3
6804,3
6805,3
6806,2
6807,2
6808,2
6809,2
6810,2
6811,2
6812,2
6813,2
6814,2
6815,5
6816,5
6817,5
6818,5
6819,5
6820,5
6821,5
6822,5
6823,5
6824,5
6825,5
6826,5
6827,5
6828,5
6829,5
6830,5
6831,7
6832,4
6833,4
6834,4
6835,4
6836,4
6837,4
6838,4
6839,4
6840,4
6841,4
6842,4
6843,4
6844,4
6845,4
6846,4
6847,5
6848,5
6849,5
6850,5
6851,5
6852,5
6853,5
6854,5
6855,5
6856,5
6857,5
6858,5
6859,5
6860,5
6861,5
6862,5
6863,5
6864,5
6865,5
6866,5
6867,5
6868,6
6869,6
6870,6
6871,6
6872,6
6873,6
6874,6
6875,6
6876,6
6877,6
6878,6
6879,6
6880,6
6881,6
6882,6
6883,6
6884,6
6885,6
6886,6
6887,4
6888,4
6889,4
6890,4
6891,4
6892,4
6893,4
6894,4
6895,4
6896,4
6897,4
6898,4
6899,4
6900,4
6901,4
6902,9
6903,9
6904,6
6905,6
6906,6
6907,6
6908,6
6909,6
6910,6
6911,6
6912,6
6913,6
6914,6
6915,6
6916,6
6917,6
6918,6
6919,6
6920,6
6921,6
6922,12
6923,1
6924,1
6925,1
6926,1
6927,1
6928,1
6929,1
6930,1
6931,1
6932,1
6933,1
6934,1
6935,1
6936,1
6937,1
6938,1
6939,1
6940,1
6941,1
6942,1
6943,1
6944,1
6945,1
6946,1
6947,1
6948,1
6949,3
6950,3
6951,3
6952,3
6953,3
6954,3
6955,3
6956,3
6957,2
6958,2
6959,2
6960,2
6961,2
6962,2
6963,2
6964,2
6965,3
6966,3
6967,3
6968,3
6969,3
6970,3
6971,3
6972,2
6973,2
6974,2
6975,2
6976,2
6977,2
6978,2
6979,2
6980,3
6981,3
6982,3
6983,3
6984,3
6985,3
6986,3
6987,2
6988,2
6989,2
6990,2
6991,2
6992,2
6993,2
6994,5
6995,5
6996,5
6997,5
6998,5
6999,5
7000,5
7001,5
7002,5
7003,5
7004,5
7005,5
7006,5
7007,5
7008,5
7009,5
7010,5
7011,7
7012,4
7013,4
7014,4
7015,4
7016,4
7017,4
7018,4
7019,4
7020,4
7021,4
7022,4
7023,4
7024,4
7025,4
7026,4
7027,8
7028,5
7029,5
7030,5
7031,5
7032,5
7033,5
7034,5
7035,5
7036,5
7037,5
7038,5
7039,5
7040,5
7041,5
7042,5
7043,11
7044,11
7045,6
7046,6
7047,6
7048,6
7049,6
7050,6
7051,6
7052,6
7053,6
7054,6
7055,6
7056,6
7057,6
7058,6
7059,6
7060,6
7061,6
7062,6
7063,10
7064,10
7065,4
7066,4
7067,4
7068,4
7069,4
7070,4
7071,4
7072,4
7073,4
7074,4
7075,4
7076,4
7077,4
7078,9
7079,9
7080,9
7081,9
7082,6
7083,6
7084,6
7085,6
7086,6
7087,6
7088,6
7089,6
7090,6
7091,6
7092,6
7093,6
7094,6
7095,6
7096,6
7097,6
7098,6
7099,6
7100,6
7101,6
7102,6
7103,6
7104,12
7105,1
7106,1
7107,1
7108,1
7109,1
7110,1
7111,1
7112,1
7113,1
7114,1
7115,1
7116,1
7117,1
7118,1
7119,1
7120,1
7121,1
7122,1
7123,1
7124,1
7125,1
7126,1
7127,1
7128,1
7129,1
7130,1
7131,3
7132,3
7133,3
7134,3
7135,3
7136,3
7137,3
7138,3
7139,2
7140,2
7141,2
7142,2
7143,2
7144,2
7145,2
7146,2
7147,2
7148,3
7149,3
7150,3
7151,3
7152,3
7153,3
7154,3
7155,3
7156,2
7157,2
7158,2
7159,2
7160,2
7161,2
7162,2
7163,2
7164,3
7165,3
7166,3
7167,3
7168,3
7169,3
7170,3
7171,3
7172,2
7173,2
7174,2
7175,2
7176,2
7177,2
7178,2
7179,2
7180,5
7181,5
7182,5
7183,5
7184,5
7185,5
7186,5
7187,5
7188,5
7189,5
7190,5
7191,5
7192,5
7193,5
7194,5
7195,7
7196,4
7197,4
7198,4
7199,4
7200,4
7201,4
7202,4
7203,4
7204,4
7205,4
7206,4
7207,4
7208,4
7209,4
7210,4
7211,4
7212,8
7213,5
7214,5
7215,5
7216,5
7217,5
7218,5
7219,5
7220,5
7221,5
7222,5
7223,5
7224,5
7225,5
7226,5
7227,5
7228,5
7229,5
7230,5
7231,5
7232,5
7233,11
7234,6
7235,6
7236,6
7237,6
7238,6
7239,6
7240,6
7241,6
7242,6
7243,6
7244,6
7245,6
7246,6
7247,6
7248,6
7249,10
7250,4
7251,4
7252,4
7253,4
7254,4
7255,4
7256,4
7257,4
7258,4
7259,4
7260,4
7261,4
7262,4
7263,4
7264,4
7265,4
7266,9
7267,9
7268,6
7269,6
7270,6
7271,6
7272,6
7273,6
7274,6
7275,6
7276,6
7277,6
7278,6
7279,6
7280,6
7281,6
7282,12
7283,1
7284,1
7285,1
7286,1
7287,1
7288,1
7289,1
7290,1
7291,1
7292,1
7293,1
7294,1
7295,1
7296,1
7297,1
7298,1
7299,1
7300,1
7301,1
7302,1
7303,1
7304,1
7305,1
7306,1
7307,1
7308,1
7309,1
7310,3
7311,3
7312,3
7313,3
7314,3
7315,3
7316,3
7317,3
7318,2
7319,2
7320,2
7321,2
7322,2
7323,2
7324,2
7325,2
7326,3
7327,3
7328,3
7329,3
7330,3
7331,3
7332,3
7333,3
7334,2
7335,2
7336,2
7337,2
7338,2
7339,2
7340,2
7341,2
7342,3
7343,3
7344,3
7345,3
7346,3
7347,3
7348,3
7349,3
7350,2
7351,2
7352,2
7353,2
7354,2
7355,2
7356,2
7357,2
7358,5
7359,5
7360,5
7361,5
7362,5
7363,5
7364,5
7365,5
7366,5
7367,5
7368,5
7369,5
7370,4
7371,4
7372,4
7373,4
7374,4
7375,4
7376,4
7377,4
7378,4
7379,4
7380,4
7381,4
7382,4
7383,4
7384,8
7385,5
7386,5
7387,5
7388,5
7389,5
7390,5
7391,5
7392,5
7393,5
7394,5
7395,5
7396,5
7397,5
7398,5
7399,5
7400,5
7401,5
7402,5
7403,11
7404,6
7405,6
7406,6
7407,6
7408,6
7409,6
7410,6
7411,6
7412,6
7413,6
7414,6
7415,6
7416,6
7417,6
7418,6
7419,6
7420,6
7421,6
7422,10
7423,4
7424,4
7425,4
7426,4
7427,4
7428,4
7429,4
7430,4
7431,4
7432,4
7433,4
7434,4
7435,4
7436,4
7437,4
7438,4
7439,4
7440,4
7441,4
7442,9
7443,6
7444,6
7445,6
7446,6
7447,6
7448,6
7449,6
7450,6
7451,6
7452,6
7453,6
7454,6
7455,6
7456,6
7457,6
7458,6
7459,6
7460,6
7461,6
7462,6
7463,6
7464,6
7465,6
7466,12
7467,1
7468,1
7469,1
7470,1
7471,1
7472,1
7473,1
7474,1
7475,1
7476,1
7477,1
7478,1
7479,1
7480,1
7481,1
7482,1
7483,1
7484,1
7485,1
7486,1
7487,1
7488,1
7489,1
7490,1
7491,1
7492,1
7493,1
7494,1
7495,1
7496,1
7497,1
7498,1
7499,1
7500,3
7501,3
7502,3
7503,3
7504,3
7505,3
7506,3
7507,3
7508,3
7509,3
7510,3
7511,2
7512,2
7513,2
7514,2
7515,2
7516,2
7517,2
7518,2
7519,2
7520,2
7521,2
7522,2
7523,3
7524,3
7525,3
7526,3
7527,3
7528,3
7529,3
7530,3
7531,3
7532,3
7533,3
7534,3
7535,2
7536,2
7537,2
7538,2
7539,2
7540,2
7541,2
7542,2
7543,2
7544,2
7545,2
7546,2
7547,3
7548,3
7549,3
7550,3
7551,3
7552,3
7553,3
7554,3
7555,3
7556,3
7557,3
7558,2
7559,2
7560,2
7561,2
7562,2
7563,2
7564,2
7565,2
7566,2
7567,2
7568,2
7569,5
7570,5
7571,5
7572,5
7573,5
7574,5
7575,5
7576,5
7577,5
7578,5
7579,5
7580,5
7581,5
7582,5
7583,5
7584,7
7585,7
7586,4
7587,4
7588,4
7589,4
7590,4
7591,4
7592,4
7593,4
7594,4
7595,4
7596,4
7597,4
7598,4
7599,8
7600,5
7601,5
7602,5
7603,5
7604,5
7605,5
7606,5
7607,5
7608,5
7609,5
7610,5
7611,5
7612,5
7613,5
7614,5
7615,5
7616,5
7617,5
7618,5
7619,11
7620,11
7621,6
7622,6
7623,6
7624,6
7625,6
7626,6
7627,6
7628,6
7629,6
7630,6
7631,6
7632,6
7633,6
7634,6
7635,6
7636,6
7637,6
7638,10
7639,10
7640,4
7641,4
7642,4
7643,4
7644,4
7645,4
7646,4
7647,4
7648,4
7649,4
7650,4
7651,4
7652,4
7653,4
7654,4
7655,4
7656,4
7657,4
7658,9
7659,9
7660,9
7661,6
7662,6
7663,6
7664,6
7665,6
7666,6
7667,6
7668,6
7669,6
7670,6
7671,6
7672,6
7673,6
7674,6
7675,6
7676,12
7677,1
7678,1
7679,1
7680,1
7681,1
7682,1
7683,1
7684,1
7685,1
7686,1
7687,1
7688,1
7689,1
7690,1
7691,1
7692,1
7693,1
7694,1
7695,1
7696,1
7697,1
7698,1
7699,1
7700,1
7701,1
7702,1
7703,1
7704,1
7705,1
7706,1
7707,1
7708,1
7709,3
7710,3
7711,3
7712,3
7713,3
7714,3
7715,3
7716,3
7717,3
7718,2
7719,2
7720,2
7721,2
7722,2
7723,2
7724,2
7725,2
7726,2
7727,2
7728,3
7729,3
7730,3
7731,3
7732,3
7733,3
7734,3
7735,3
7736,3
7737,2
7738,2
7739,2
7740,2
7741,2
7742,2
7743,2
7744,2
7745,2
7746,2
7747,3
7748,3
7749,3
7750,3
7751,3
7752,3
7753,3
7754,3
7755,3
7756,3
7757,2
7758,2
7759,2
7760,2
7761,2
7762,2
7763,2
7764,2
7765,2
7766,2
